Link,Unnamed: 0
http://www.apartmenttherapy.com,0
http://www.flatmates.com.au,1
http://www.easyroommate.com,2
http://www.housinganywhere.com,3
http://www.roommates.com,4
http://www.roomiematch.com,5
http://www.metroroommates.com,6
http://www.roommatelocator.com,7
http://www.housepals.co.uk,8
http://www.roommatenation.com,9
http://www.okroommate.com,10
http://www.flatmateme.com,11
http://www.prideroommates.com,12
http://www.rentaldecorating.com,13
http://www.roommateroommateroommate.com,14
http://www.roommatefinders.com,15
http://www.roommates4you.com,16
http://www.rooms-to-let.com,17
http://www.roomvoter.com,18
http://www.starflats.co.uk,19
http://www.yelp.com,0
http://www.gsmarena.com,1
http://www.theverge.com,2
http://www.gizmodo.com,3
http://www.engadget.com,4
http://www.tomsguide.com,5
http://www.tomshardware.com,6
http://www.digitaltrends.com,7
http://www.dpreview.com,8
http://www.trustpilot.com,9
http://www.kbb.com,10
http://www.state.gov,11
http://www.consumerreports.org,12
http://www.fixya.com,13
http://www.edmunds.com,14
http://www.bgr.com,15
http://www.bbb.org,16
http://www.opendns.com,17
http://www.trustedreviews.com,18
http://www.carfax.com,19
http://www.goodhousekeeping.com,20
http://www.phonearena.com,21
http://www.seatguru.com,22
http://www.motortrend.com,23
http://www.avforums.com,24
http://www.mouthshut.com,25
http://www.consumeraffairs.com,26
http://www.medicare.gov,27
http://www.dslreports.com,28
http://www.consumercomplaints.in,29
http://www.ezvid.com,30
http://www.ubergizmo.com,31
http://www.gasbuddy.com,32
http://www.clark.com,33
http://www.invaluable.com,34
http://www.geek.com,35
http://www.geekologie.com,36
http://www.citizensadvice.org.uk,37
http://www.sitejabber.com,38
http://www.pissedconsumer.com,39
http://www.treasury.gov,40
http://www.stuff.tv,41
http://www.ripoffreport.com,42
http://www.nextag.com,43
http://www.styleforum.net,44
http://www.geappliances.com,45
http://www.imaging-resource.com,46
http://www.carcomplaints.com,47
http://www.complaintsboard.com,48
http://www.fueleconomy.gov,49
http://www.allrecipes.com,0
http://www.thekitchn.com,1
http://www.thespruceeats.com,2
http://www.epicurious.com,3
http://www.bonappetit.com,4
http://www.foodandwine.com,5
http://www.jamieoliver.com,6
http://www.food52.com,7
http://www.ndtv.com,8
http://www.eatingwell.com,9
http://www.cookinglight.com,10
http://www.simplyrecipes.com,11
http://www.bettycrocker.com,12
http://www.saveur.com,13
http://www.liquor.com,14
http://www.justonecookbook.com,15
http://www.kraftrecipes.com,16
http://www.pillsbury.com,17
http://www.smittenkitchen.com,18
http://www.cooksillustrated.com,19
http://www.natashaskitchen.com,20
http://www.foodgawker.com,21
http://www.food.com,22
http://www.foodwishes.blogspot.com,23
http://www.vegrecipesofindia.com,24
http://www.inspiredtaste.net,25
http://www.amazingribs.com,26
http://www.foodrepublic.com,27
http://www.chocolatecoveredkatie.com,28
http://www.finecooking.com,29
http://www.panlasangpinoy.com,30
http://www.twopeasandtheirpod.com,31
http://www.whfoods.com,32
http://www.jocooks.com,33
http://www.kalynskitchen.com,34
http://www.bestrecipes.com.au,35
http://www.kulinarika.net,36
http://www.nigella.com,37
http://www.tarladalal.com,38
http://www.cakecentral.com,39
http://www.mykoreankitchen.com,40
http://www.smokingmeatforums.com,41
http://www.kraftcanada.com,42
http://www.splendidtable.org,43
http://www.foodsafety.gov,44
http://www.deliaonline.com,45
http://www.whatscookingamerica.net,46
http://www.mrfood.com,47
http://www.tipsybartender.com,48
http://www.norecipes.com,49
http://www.instructables.com,0
http://www.wonderhowto.com,1
http://www.ehow.com,2
http://www.myrepurposedlife.com,3
http://www.howtodothings.com,4
http://www.getridofthings.com,5
http://www.handymantips.org,6
http://www.howset.com,7
http://www.taradaramadeit.com,8
http://www.megmadecreations.com,9
http://www.welikemakingourownstuff.com,10
http://www.goodstuffathome.com,11
http://www.soprettyisasprettydoes.com,12
http://www.heelsandatoolbox.com,13
http://www.hkchic.blogspot.co.uk,14
http://www.needinstructions.com,15
http://www.obiadumnie.pl,16
http://www.aprettyidea.com,17
http://www.ready.gov,0
http://www.wikia.com,1
http://www.disastersafety.org,2
http://www.disastercenter.com,3
http://www.jumpjet.info,4
http://www.ki4u.com,5
http://www.captaindaves.com,6
http://www.disasters.org,7
http://www.fire-extinguisher101.com,8
http://www.tacda.org,9
http://www.y2kkitchen.com,10
http://www.emergencydude.com,11
http://www.bekkel.tripod.com,12
http://www.simplyprepared.com,13
http://www.survival-guidebook.com,14
http://www.firepreventionweek.org,15
http://www.firesafetytips.com,16
http://www.fireproofchildren.com,17
http://www.homesafetycouncil.org,18
http://www.mrssurvival.com,19
http://www.pep-c.org,20
http://www.publicsecrets.org,21
http://www.hwtm.com,0
http://www.plan-the-perfect-baby-shower.com,1
http://www.napkinfoldingguide.com,2
http://www.baby-shower.com,3
http://www.webbabyshower.com,4
http://www.creative-baby-shower-ideas.com,5
http://www.kidspartyfun.com,6
http://www.holidaycook.com,7
http://www.familyeducation.com,8
http://www.babbee.com,9
http://www.babyshowers.info,10
http://www.abigslice.com,11
http://www.childrensbirthdaypartyplanner.com,12
http://www.hauntersparadise.tripod.com,13
http://www.itsapartyfullife.com,14
http://www.robschristmas.com,15
http://www.superbirthdays.com,16
http://www.vindevin.com,17
http://www.whattodowiththekids.com,18
http://www.babycenter.com,0
http://www.care.com,1
http://www.parents.com,2
http://www.cafemom.com,3
http://www.military.com,4
http://www.osd.mil,5
http://www.theasianparent.com,6
http://www.verywellfamily.com,7
http://www.scarymommy.com,8
http://www.parenting.com,9
http://www.babynamewizard.com,10
http://www.americanpregnancy.org,11
http://www.kidspot.com.au,12
http://www.workingmother.com,13
http://www.bachpan.com,14
http://www.familyeducation.com,15
http://www.aupair.com,16
http://www.sittercity.com,17
http://www.pampers.com,18
http://www.babynamespedia.com,19
http://www.mothering.com,20
http://www.motherandbaby.co.uk,21
http://www.kellymom.com,22
http://www.kindercare.com,23
http://www.babynames.com,24
http://www.thinkbabynames.com,25
http://www.greataupair.com,26
http://www.parentmap.com,27
http://www.turbine.com,28
http://www.allprodad.com,29
http://www.hindunames.net,30
http://www.moms.com,31
http://www.guideposts.org,32
http://www.modernmom.com,33
http://www.babynameguide.com,34
http://www.culturalcare.com,35
http://www.learningcaregroup.com,36
http://www.babynology.com,37
http://www.adoptuskids.org,38
http://www.natural-fertility-info.com,39
http://www.kididdles.com,40
http://www.indiaparenting.com,41
http://www.pregnancy-info.net,42
http://www.5minutesformom.com,43
http://www.childdevelopmentinfo.com,44
http://www.php.com,45
http://www.parentingscience.com,46
http://www.rollercoaster.ie,47
http://www.canadiannanny.ca,48
http://www.bestlittlebaby.com,49
http://www.hgtv.com,0
http://www.gardeningknowhow.com,1
http://www.rhs.org.uk,2
http://www.davesgarden.com,3
http://www.sunset.com,4
http://www.missouribotanicalgarden.org,5
http://www.asla.org,6
http://www.garden.org,7
http://www.maximumyield.com,8
http://www.bonsaiempire.com,9
http://www.biltmore.com,10
http://www.gardenia.net,11
http://www.usda.gov,12
http://www.gardenersworld.com,13
http://www.gardenweb.com,14
http://www.mountvernon.org,15
http://www.finegardening.com,16
http://www.nybg.org,17
http://www.gardenguides.com,18
http://www.decks.com,19
http://www.wildflower.org,20
http://www.sunnygardens.com,21
http://www.daleysfruit.com.au,22
http://www.longwoodgardens.org,23
http://www.birdsandblooms.com,24
http://www.pfaf.org,25
http://www.gardendesign.com,26
http://www.chicagobotanic.org,27
http://www.mortonarb.org,28
http://www.flowersofindia.net,29
http://www.pacificbulbsociety.org,30
http://www.botanicgardens.org,31
http://www.bbg.org,32
http://www.bonsainut.com,33
http://www.bigpumpkins.com,34
http://www.helpfulgardener.com,35
http://www.acs.edu.au,36
http://www.houseplantsexpert.com,37
http://www.ourhouseplants.com,38
http://www.rbgsyd.nsw.gov.au,39
http://www.botanicalgarden.ubc.ca,40
http://www.learn2grow.com,41
http://www.guide-to-houseplants.com,42
http://www.garden.lovetoknow.com,43
http://www.cheekwood.org,44
http://www.aos.org,45
http://www.cpukforum.com,46
http://www.cactus-art.biz,47
http://www.atlantabg.org,48
http://www.plantmaps.com,49
http://www.hgtv.com,0
http://www.eia.gov,1
http://www.bobvila.com,2
http://www.energystar.gov,3
http://www.hvac-talk.com,4
http://www.diynot.com,5
http://www.hometips.com,6
http://www.diychatroom.com,7
http://www.homebuilding.co.uk,8
http://www.askthebuilder.com,9
http://www.electriciantalk.com,10
http://www.heatinghelp.com,11
http://www.traditionalhome.com,12
http://www.naturalhandyman.com,13
http://www.kitchens.com,14
http://www.oldhouseweb.com,15
http://www.thebudgetdecorator.com,16
http://www.thistothat.com,17
http://www.hometoys.com,18
http://www.nkba.org,19
http://www.electrical-online.com,20
http://www.homeconstructionimprovement.com,21
http://www.plbg.com,22
http://www.decor8blog.com,23
http://www.diydata.com,24
http://www.ask-the-electrician.com,25
http://www.buildingconservation.com,26
http://www.thecircuitdetective.com,27
http://www.diyonline.com,28
http://www.homeanddesign.com,29
http://www.metaefficient.com,30
http://www.howtomendit.com,31
http://www.practicaldiy.com,32
http://www.mobilehomerepair.com,33
http://www.hannabery.com,34
http://www.acmehowto.com,35
http://www.hammerzone.com,36
http://www.moneypit.com,37
http://www.cocoontech.com,38
http://www.handymanwire.com,39
http://www.fixitnow.com,40
http://www.refrigerants.com,41
http://www.onthehouse.com,42
http://www.homeenergy.org,43
http://www.hiddenwires.co.uk,44
http://www.applianceaid.com,45
http://www.interiordezine.com,46
http://www.theplumber.com,47
http://www.oldhouseguy.com,48
http://www.lightwiring.co.uk,49
http://www.goodhousekeeping.com,0
http://www.marthastewart.com,1
http://www.thesimpledollar.com,2
http://www.howtocleanstuff.net,3
http://www.thebalanceeveryday.com,4
http://www.premiertaxfree.com,5
http://www.livingonadime.com,6
http://www.organizedhome.com,7
http://www.stretcher.com,8
http://www.afullcup.com,9
http://www.absolute-forum.com,10
http://www.creativehomemaking.com,11
http://www.frugalandthriving.com.au,12
http://www.avirtuouswoman.org,13
http://www.hillbillyhousewife.com,14
http://www.frugalvillage.com,15
http://www.mommysavers.com,16
http://www.about.com,17
http://www.thefrugallife.com,18
http://www.thefrugaltoad.com,19
http://www.funny-about-money.com,20
http://www.thriftymommaramblings.com,21
http://www.wackyuses.com,22
http://www.pickypinchers.com,23
http://www.frugal-living-freedom.com,24
http://www.oldfashionedliving.com,25
http://www.queenofclean.com,26
http://www.frugalfun.com,27
http://www.homemakingorganized.com,28
http://www.cheapcooking.com,29
http://www.the39dollarexperiment.com,30
http://www.howtocleananything.com,31
http://www.thefamilyhomestead.com,32
http://www.allthingsfrugal.com,33
http://www.bsmith.com,34
http://www.hintsandthings.com,35
http://www.inexpensively.com,36
http://www.frugalsimplicity.com,37
http://www.homemadesimple.com,38
http://www.prettyfrugalliving.com,39
http://www.frugalforlife.blogspot.com,40
http://www.thenewhomemaker.com,41
http://www.becomethrifty.com,42
http://www.frugalworld.com,43
http://www.drclean.co.uk,44
http://www.allabouthome.com,45
http://www.fishingfordeals.com,46
http://www.miserlymoms.com,47
http://www.living.aol.com,48
http://www.frugalliving.about.com,49
http://www.bugspray.com,0
http://www.caionline.org,1
http://www.termite.com,2
http://www.echo-ca.org,3
http://www.athomenet.com,4
http://www.treehouses.com,5
http://www.pestcemetery.com,6
http://www.raccoonatticguide.com,7
http://www.camicb.org,8
http://www.coophousing.org,9
http://www.thetreehouseguide.com,10
http://www.home-owners-assoc.com,11
http://www.bedbugsguide.com,12
http://www.drdons.net,13
http://www.termitemd.com,14
http://www.about.com,15
http://www.condobook.com,16
http://www.homebuildingpitfalls.com,17
http://www.realestatejournal.com,18
http://www.usps.com,0
http://www.allconnect.com,1
http://www.border.gov.au,2
http://www.moving.org,3
http://www.movingscam.com,4
http://www.themovingblog.com,5
http://www.1stopmove.com,6
http://www.firstbooks.com,7
http://www.findyourspot.com,8
http://www.beltwaymovers.com,9
http://www.emigrate.co.uk,10
http://www.branchor.com,11
http://www.outpostexpat.nl,12
http://www.movecommerce.com,13
http://www.moving-company-guide.com,14
http://www.movingmaster.com,15
http://www.thespruce.com,0
http://www.realsimple.com,1
http://www.bhg.com,2
http://www.marthastewart.com,3
http://www.countryliving.com,4
http://www.southernliving.com,5
http://www.motherearthnews.com,6
http://www.sunset.com,7
http://www.coastalliving.com,8
http://www.splendidtable.org,9
http://www.motherearthliving.com,10
http://www.bhg.com.au,11
http://www.styleathome.com,12
http://www.pioneerthinking.com,13
http://www.howdini.com,14
http://www.askyourneighbor.com,15
http://www.housetohome.co.uk,16
http://www.brightideas.com.au,17
http://www.carolinahg.com,18
http://www.cityline.ca,19
http://www.its-a-snap.com,20
http://www.savoirfaire.ca,21
http://www.yahoo.com,0
http://www.cnbc.com,1
http://www.cnn.com,2
http://www.marketwatch.com,3
http://www.irs.gov,4
http://www.fool.com,5
http://www.ssa.gov,6
http://www.bankrate.com,7
http://www.mint.com,8
http://www.healthcare.gov,9
http://www.youneedabudget.com,10
http://www.cms.gov,11
http://www.vanguard.com,12
http://www.medicare.gov,13
http://www.myfico.com,14
http://www.daveramsey.com,15
http://www.kiplinger.com,16
http://www.annualcreditreport.com,17
http://www.guidestar.org,18
http://www.hud.gov,19
http://www.myfico.com,20
http://www.treasurydirect.gov,21
http://www.marketplace.org,22
http://www.iwillteachyoutoberich.com,23
http://www.moneytalksnews.com,24
http://www.charitynavigator.org,25
http://www.goodfinancialcents.com,26
http://www.investorjunkie.com,27
http://www.rothira.com,28
http://www.virginia.gov,29
http://www.medicaid.gov,30
http://www.themortgagereports.com,31
http://www.creditcardinsider.com,32
http://www.doughroller.net,33
http://www.20somethingfinance.com,34
http://www.iii.org,35
http://www.mvelopes.com,36
http://www.safeauto.com,37
http://www.aaii.com,38
http://www.budgetsaresexy.com,39
http://www.mymoneyblog.com,40
http://www.rrb.gov,41
http://www.getsmarteraboutmoney.ca,42
http://www.missingmoney.com,43
http://www.fico.com,44
http://www.christianpf.com,45
http://www.healthinsurance.org,46
http://www.21st.com,47
http://www.elephant.com,48
http://www.charitywatch.org,49
http://www.lifehack.org,0
http://www.flylady.net,1
http://www.napo.net,2
http://www.43folders.com,3
http://www.getorganizednow.com,4
http://www.organizedassistant.com,5
http://www.organizersincanada.com,6
http://www.chaostoorder.com,7
http://www.andrewmellen.com,8
http://www.simplify101.com,9
http://www.printablechecklists.com,10
http://www.professional-organizer.com,11
http://www.52projects.com,12
http://www.brightorganizing.com,13
http://www.organizingboston.com,14
http://www.ahelpinghandforyou.com,15
http://www.handygirl.com,16
http://www.living-peace.com,17
http://www.clearsimple.com,18
http://www.justorganized.com,19
http://www.restoringorder.com,20
http://www.organizingcoach.com,21
http://www.organizedapproach.com,22
http://www.organizeanything.com,23
http://www.outofchaos.ca,24
http://www.clutterfreeservices.com,25
http://www.listorganizer.com,26
http://www.organizeyourlife.org,27
http://www.betsyk.com,28
http://www.citymax.com,29
http://www.123sortit.com,30
http://www.endlex.com,31
http://www.allsortedconsulting.com,32
http://www.amphorachange.com,33
http://www.andersonorganizing.com,34
http://www.anitaylor.com,35
http://www.atdo.biz,36
http://www.beyondclutter.com,37
http://www.breathing-space.com,38
http://www.breathingspaceconsulting.ca,39
http://www.busybeesorganizing.com,40
http://www.cestfini.com,41
http://www.closetqueen.com,42
http://www.clutterbug.net,43
http://www.clutterbusters.org,44
http://www.clutterrx.net,45
http://www.cluttershrink.com,46
http://www.organizedtimes.com,47
http://www.efficientliving.org,48
http://www.myfreedomspace.com,49
http://www.backyardchickens.com,0
http://www.thehomesteadsurvival.com,1
http://www.poultrykeeper.com,2
http://www.countryfarm-lifestyles.com,3
http://www.homesteadandprepper.com,4
http://www.soilandhealth.org,5
http://www.rurallivingtoday.com,6
http://www.backyardpoultry.com,7
http://www.justplainmarie.ca,8
http://www.anamericanhomestead.com,9
http://www.thisishomesteady.com,10
http://www.themodernhomestead.us,11
http://www.hayexchange.com,12
http://www.allotment-garden.org,13
http://www.thepoultrykeeper.co.uk,14
http://www.homesteadbloggersnetwork.com,15
http://www.manytracks.com,16
http://www.homestead.org,17
http://www.bluestar-ranch.com,18
http://www.farmhandscompanion.com,19
http://www.the-coop.org,20
http://www.keeping-chickens.me.uk,21
http://www.poultrykeeperforum.com,22
http://www.fromscratchmag.com,23
http://www.greeneggsandgoats.com,24
http://www.fowlvisions.com,25
http://www.lifeunplugged.net,26
http://www.thebackyardchickenfarmer.com,27
http://www.uncledutchfarms.com,28
http://www.mylittleprairiehome.com,29
http://www.cyberquail.com,30
http://www.southernmatters.com,31
http://www.whirldworksfarm.com,32
http://www.devonsmallholders.co.uk,33
http://www.a-homesteading-neophyte.blogspot.com,34
http://www.poultrycentral.co.nz,35
http://www.successwithpoultry.blogspot.com,36
http://www.liveducks.com,37
http://www.thevegetarianhomesteader.com,38
http://www.ourcountryhaven.com,39
http://www.theurbanrancher.tamu.edu,40
http://www.lydlo.proboards.com,41
http://www.wapoultrytraders.proboards.com,42
http://www.backyardchickens.yuku.com,43
http://www.dlhunicorn.conforums.com,44
http://www.abundaculture.org,45
http://www.almostafarmer.com,46
http://www.altonm.ca,47
http://www.amaralfarm.com,48
http://www.apartmenthomesteading.github.io,49
http://www.homedesignersoftware.com,0
http://www.punchsoftware.com,1
http://www.chorewars.com,2
http://www.kopykake.com,3
http://www.lets-clean-up.com,4
http://www.agilairecorp.com,5
http://www.apartmenttherapy.com,0
http://www.flatmates.com.au,1
http://www.easyroommate.com,2
http://www.housinganywhere.com,3
http://www.roommates.com,4
http://www.roomiematch.com,5
http://www.metroroommates.com,6
http://www.roommatelocator.com,7
http://www.housepals.co.uk,8
http://www.roommatenation.com,9
http://www.okroommate.com,10
http://www.flatmateme.com,11
http://www.prideroommates.com,12
http://www.rentaldecorating.com,13
http://www.roommateroommateroommate.com,14
http://www.roommatefinders.com,15
http://www.roommates4you.com,16
http://www.rooms-to-let.com,17
http://www.roomvoter.com,18
http://www.starflats.co.uk,19
http://www.yelp.com,0
http://www.gsmarena.com,1
http://www.theverge.com,2
http://www.gizmodo.com,3
http://www.engadget.com,4
http://www.tomsguide.com,5
http://www.tomshardware.com,6
http://www.digitaltrends.com,7
http://www.dpreview.com,8
http://www.trustpilot.com,9
http://www.kbb.com,10
http://www.state.gov,11
http://www.consumerreports.org,12
http://www.fixya.com,13
http://www.edmunds.com,14
http://www.bgr.com,15
http://www.bbb.org,16
http://www.opendns.com,17
http://www.trustedreviews.com,18
http://www.carfax.com,19
http://www.goodhousekeeping.com,20
http://www.phonearena.com,21
http://www.seatguru.com,22
http://www.motortrend.com,23
http://www.avforums.com,24
http://www.mouthshut.com,25
http://www.consumeraffairs.com,26
http://www.medicare.gov,27
http://www.dslreports.com,28
http://www.consumercomplaints.in,29
http://www.ezvid.com,30
http://www.ubergizmo.com,31
http://www.gasbuddy.com,32
http://www.clark.com,33
http://www.invaluable.com,34
http://www.geek.com,35
http://www.geekologie.com,36
http://www.citizensadvice.org.uk,37
http://www.sitejabber.com,38
http://www.pissedconsumer.com,39
http://www.treasury.gov,40
http://www.stuff.tv,41
http://www.ripoffreport.com,42
http://www.nextag.com,43
http://www.styleforum.net,44
http://www.geappliances.com,45
http://www.imaging-resource.com,46
http://www.carcomplaints.com,47
http://www.complaintsboard.com,48
http://www.fueleconomy.gov,49
http://www.allrecipes.com,0
http://www.thekitchn.com,1
http://www.thespruceeats.com,2
http://www.epicurious.com,3
http://www.bonappetit.com,4
http://www.foodandwine.com,5
http://www.jamieoliver.com,6
http://www.food52.com,7
http://www.ndtv.com,8
http://www.eatingwell.com,9
http://www.cookinglight.com,10
http://www.simplyrecipes.com,11
http://www.bettycrocker.com,12
http://www.saveur.com,13
http://www.liquor.com,14
http://www.justonecookbook.com,15
http://www.kraftrecipes.com,16
http://www.pillsbury.com,17
http://www.smittenkitchen.com,18
http://www.cooksillustrated.com,19
http://www.natashaskitchen.com,20
http://www.foodgawker.com,21
http://www.food.com,22
http://www.foodwishes.blogspot.com,23
http://www.vegrecipesofindia.com,24
http://www.inspiredtaste.net,25
http://www.amazingribs.com,26
http://www.foodrepublic.com,27
http://www.chocolatecoveredkatie.com,28
http://www.finecooking.com,29
http://www.panlasangpinoy.com,30
http://www.twopeasandtheirpod.com,31
http://www.whfoods.com,32
http://www.jocooks.com,33
http://www.kalynskitchen.com,34
http://www.bestrecipes.com.au,35
http://www.kulinarika.net,36
http://www.nigella.com,37
http://www.tarladalal.com,38
http://www.cakecentral.com,39
http://www.mykoreankitchen.com,40
http://www.smokingmeatforums.com,41
http://www.kraftcanada.com,42
http://www.splendidtable.org,43
http://www.foodsafety.gov,44
http://www.deliaonline.com,45
http://www.whatscookingamerica.net,46
http://www.mrfood.com,47
http://www.tipsybartender.com,48
http://www.norecipes.com,49
http://www.instructables.com,0
http://www.wonderhowto.com,1
http://www.ehow.com,2
http://www.myrepurposedlife.com,3
http://www.howtodothings.com,4
http://www.getridofthings.com,5
http://www.handymantips.org,6
http://www.howset.com,7
http://www.taradaramadeit.com,8
http://www.megmadecreations.com,9
http://www.welikemakingourownstuff.com,10
http://www.goodstuffathome.com,11
http://www.soprettyisasprettydoes.com,12
http://www.heelsandatoolbox.com,13
http://www.hkchic.blogspot.co.uk,14
http://www.needinstructions.com,15
http://www.obiadumnie.pl,16
http://www.aprettyidea.com,17
http://www.ready.gov,0
http://www.wikia.com,1
http://www.disastersafety.org,2
http://www.disastercenter.com,3
http://www.jumpjet.info,4
http://www.ki4u.com,5
http://www.captaindaves.com,6
http://www.disasters.org,7
http://www.fire-extinguisher101.com,8
http://www.tacda.org,9
http://www.y2kkitchen.com,10
http://www.emergencydude.com,11
http://www.bekkel.tripod.com,12
http://www.simplyprepared.com,13
http://www.survival-guidebook.com,14
http://www.firepreventionweek.org,15
http://www.firesafetytips.com,16
http://www.fireproofchildren.com,17
http://www.homesafetycouncil.org,18
http://www.mrssurvival.com,19
http://www.pep-c.org,20
http://www.publicsecrets.org,21
http://www.hwtm.com,0
http://www.plan-the-perfect-baby-shower.com,1
http://www.napkinfoldingguide.com,2
http://www.baby-shower.com,3
http://www.webbabyshower.com,4
http://www.creative-baby-shower-ideas.com,5
http://www.kidspartyfun.com,6
http://www.holidaycook.com,7
http://www.familyeducation.com,8
http://www.babbee.com,9
http://www.babyshowers.info,10
http://www.abigslice.com,11
http://www.childrensbirthdaypartyplanner.com,12
http://www.hauntersparadise.tripod.com,13
http://www.itsapartyfullife.com,14
http://www.robschristmas.com,15
http://www.superbirthdays.com,16
http://www.vindevin.com,17
http://www.whattodowiththekids.com,18
http://www.babycenter.com,0
http://www.care.com,1
http://www.parents.com,2
http://www.cafemom.com,3
http://www.military.com,4
http://www.osd.mil,5
http://www.theasianparent.com,6
http://www.verywellfamily.com,7
http://www.scarymommy.com,8
http://www.parenting.com,9
http://www.babynamewizard.com,10
http://www.americanpregnancy.org,11
http://www.kidspot.com.au,12
http://www.workingmother.com,13
http://www.bachpan.com,14
http://www.familyeducation.com,15
http://www.aupair.com,16
http://www.sittercity.com,17
http://www.pampers.com,18
http://www.babynamespedia.com,19
http://www.mothering.com,20
http://www.motherandbaby.co.uk,21
http://www.kellymom.com,22
http://www.kindercare.com,23
http://www.babynames.com,24
http://www.thinkbabynames.com,25
http://www.greataupair.com,26
http://www.parentmap.com,27
http://www.turbine.com,28
http://www.allprodad.com,29
http://www.hindunames.net,30
http://www.moms.com,31
http://www.guideposts.org,32
http://www.modernmom.com,33
http://www.babynameguide.com,34
http://www.culturalcare.com,35
http://www.learningcaregroup.com,36
http://www.babynology.com,37
http://www.adoptuskids.org,38
http://www.natural-fertility-info.com,39
http://www.kididdles.com,40
http://www.indiaparenting.com,41
http://www.pregnancy-info.net,42
http://www.5minutesformom.com,43
http://www.childdevelopmentinfo.com,44
http://www.php.com,45
http://www.parentingscience.com,46
http://www.rollercoaster.ie,47
http://www.canadiannanny.ca,48
http://www.bestlittlebaby.com,49
http://www.hgtv.com,0
http://www.gardeningknowhow.com,1
http://www.rhs.org.uk,2
http://www.davesgarden.com,3
http://www.sunset.com,4
http://www.missouribotanicalgarden.org,5
http://www.asla.org,6
http://www.garden.org,7
http://www.maximumyield.com,8
http://www.bonsaiempire.com,9
http://www.biltmore.com,10
http://www.gardenia.net,11
http://www.usda.gov,12
http://www.gardenersworld.com,13
http://www.gardenweb.com,14
http://www.mountvernon.org,15
http://www.finegardening.com,16
http://www.nybg.org,17
http://www.gardenguides.com,18
http://www.decks.com,19
http://www.wildflower.org,20
http://www.sunnygardens.com,21
http://www.daleysfruit.com.au,22
http://www.longwoodgardens.org,23
http://www.birdsandblooms.com,24
http://www.pfaf.org,25
http://www.gardendesign.com,26
http://www.chicagobotanic.org,27
http://www.mortonarb.org,28
http://www.flowersofindia.net,29
http://www.pacificbulbsociety.org,30
http://www.botanicgardens.org,31
http://www.bbg.org,32
http://www.bonsainut.com,33
http://www.bigpumpkins.com,34
http://www.helpfulgardener.com,35
http://www.acs.edu.au,36
http://www.houseplantsexpert.com,37
http://www.ourhouseplants.com,38
http://www.rbgsyd.nsw.gov.au,39
http://www.botanicalgarden.ubc.ca,40
http://www.learn2grow.com,41
http://www.guide-to-houseplants.com,42
http://www.garden.lovetoknow.com,43
http://www.cheekwood.org,44
http://www.aos.org,45
http://www.cpukforum.com,46
http://www.cactus-art.biz,47
http://www.atlantabg.org,48
http://www.plantmaps.com,49
http://www.hgtv.com,0
http://www.eia.gov,1
http://www.bobvila.com,2
http://www.energystar.gov,3
http://www.hvac-talk.com,4
http://www.diynot.com,5
http://www.hometips.com,6
http://www.diychatroom.com,7
http://www.homebuilding.co.uk,8
http://www.askthebuilder.com,9
http://www.electriciantalk.com,10
http://www.heatinghelp.com,11
http://www.traditionalhome.com,12
http://www.naturalhandyman.com,13
http://www.kitchens.com,14
http://www.oldhouseweb.com,15
http://www.thebudgetdecorator.com,16
http://www.thistothat.com,17
http://www.hometoys.com,18
http://www.nkba.org,19
http://www.electrical-online.com,20
http://www.homeconstructionimprovement.com,21
http://www.plbg.com,22
http://www.decor8blog.com,23
http://www.diydata.com,24
http://www.ask-the-electrician.com,25
http://www.buildingconservation.com,26
http://www.thecircuitdetective.com,27
http://www.diyonline.com,28
http://www.homeanddesign.com,29
http://www.metaefficient.com,30
http://www.howtomendit.com,31
http://www.practicaldiy.com,32
http://www.mobilehomerepair.com,33
http://www.hannabery.com,34
http://www.acmehowto.com,35
http://www.hammerzone.com,36
http://www.moneypit.com,37
http://www.cocoontech.com,38
http://www.handymanwire.com,39
http://www.fixitnow.com,40
http://www.refrigerants.com,41
http://www.onthehouse.com,42
http://www.homeenergy.org,43
http://www.hiddenwires.co.uk,44
http://www.applianceaid.com,45
http://www.interiordezine.com,46
http://www.theplumber.com,47
http://www.oldhouseguy.com,48
http://www.lightwiring.co.uk,49
http://www.goodhousekeeping.com,0
http://www.marthastewart.com,1
http://www.thesimpledollar.com,2
http://www.howtocleanstuff.net,3
http://www.thebalanceeveryday.com,4
http://www.premiertaxfree.com,5
http://www.livingonadime.com,6
http://www.organizedhome.com,7
http://www.stretcher.com,8
http://www.afullcup.com,9
http://www.absolute-forum.com,10
http://www.creativehomemaking.com,11
http://www.frugalandthriving.com.au,12
http://www.avirtuouswoman.org,13
http://www.hillbillyhousewife.com,14
http://www.frugalvillage.com,15
http://www.mommysavers.com,16
http://www.about.com,17
http://www.thefrugallife.com,18
http://www.thefrugaltoad.com,19
http://www.funny-about-money.com,20
http://www.thriftymommaramblings.com,21
http://www.wackyuses.com,22
http://www.pickypinchers.com,23
http://www.frugal-living-freedom.com,24
http://www.oldfashionedliving.com,25
http://www.queenofclean.com,26
http://www.frugalfun.com,27
http://www.homemakingorganized.com,28
http://www.cheapcooking.com,29
http://www.the39dollarexperiment.com,30
http://www.howtocleananything.com,31
http://www.thefamilyhomestead.com,32
http://www.allthingsfrugal.com,33
http://www.bsmith.com,34
http://www.hintsandthings.com,35
http://www.inexpensively.com,36
http://www.frugalsimplicity.com,37
http://www.homemadesimple.com,38
http://www.prettyfrugalliving.com,39
http://www.frugalforlife.blogspot.com,40
http://www.thenewhomemaker.com,41
http://www.becomethrifty.com,42
http://www.frugalworld.com,43
http://www.drclean.co.uk,44
http://www.allabouthome.com,45
http://www.fishingfordeals.com,46
http://www.miserlymoms.com,47
http://www.living.aol.com,48
http://www.frugalliving.about.com,49
http://www.bugspray.com,0
http://www.caionline.org,1
http://www.termite.com,2
http://www.echo-ca.org,3
http://www.athomenet.com,4
http://www.treehouses.com,5
http://www.pestcemetery.com,6
http://www.raccoonatticguide.com,7
http://www.camicb.org,8
http://www.coophousing.org,9
http://www.thetreehouseguide.com,10
http://www.home-owners-assoc.com,11
http://www.bedbugsguide.com,12
http://www.drdons.net,13
http://www.termitemd.com,14
http://www.about.com,15
http://www.condobook.com,16
http://www.homebuildingpitfalls.com,17
http://www.realestatejournal.com,18
http://www.usps.com,0
http://www.allconnect.com,1
http://www.border.gov.au,2
http://www.moving.org,3
http://www.movingscam.com,4
http://www.themovingblog.com,5
http://www.1stopmove.com,6
http://www.firstbooks.com,7
http://www.findyourspot.com,8
http://www.beltwaymovers.com,9
http://www.emigrate.co.uk,10
http://www.branchor.com,11
http://www.outpostexpat.nl,12
http://www.movecommerce.com,13
http://www.moving-company-guide.com,14
http://www.movingmaster.com,15
http://www.thespruce.com,0
http://www.realsimple.com,1
http://www.bhg.com,2
http://www.marthastewart.com,3
http://www.countryliving.com,4
http://www.southernliving.com,5
http://www.motherearthnews.com,6
http://www.sunset.com,7
http://www.coastalliving.com,8
http://www.splendidtable.org,9
http://www.motherearthliving.com,10
http://www.bhg.com.au,11
http://www.styleathome.com,12
http://www.pioneerthinking.com,13
http://www.howdini.com,14
http://www.askyourneighbor.com,15
http://www.housetohome.co.uk,16
http://www.brightideas.com.au,17
http://www.carolinahg.com,18
http://www.cityline.ca,19
http://www.its-a-snap.com,20
http://www.savoirfaire.ca,21
http://www.yahoo.com,0
http://www.cnbc.com,1
http://www.cnn.com,2
http://www.marketwatch.com,3
http://www.irs.gov,4
http://www.fool.com,5
http://www.ssa.gov,6
http://www.bankrate.com,7
http://www.mint.com,8
http://www.healthcare.gov,9
http://www.youneedabudget.com,10
http://www.cms.gov,11
http://www.vanguard.com,12
http://www.medicare.gov,13
http://www.myfico.com,14
http://www.daveramsey.com,15
http://www.kiplinger.com,16
http://www.annualcreditreport.com,17
http://www.guidestar.org,18
http://www.hud.gov,19
http://www.myfico.com,20
http://www.treasurydirect.gov,21
http://www.marketplace.org,22
http://www.iwillteachyoutoberich.com,23
http://www.moneytalksnews.com,24
http://www.charitynavigator.org,25
http://www.goodfinancialcents.com,26
http://www.investorjunkie.com,27
http://www.rothira.com,28
http://www.virginia.gov,29
http://www.medicaid.gov,30
http://www.themortgagereports.com,31
http://www.creditcardinsider.com,32
http://www.doughroller.net,33
http://www.20somethingfinance.com,34
http://www.iii.org,35
http://www.mvelopes.com,36
http://www.safeauto.com,37
http://www.aaii.com,38
http://www.budgetsaresexy.com,39
http://www.mymoneyblog.com,40
http://www.rrb.gov,41
http://www.getsmarteraboutmoney.ca,42
http://www.missingmoney.com,43
http://www.fico.com,44
http://www.christianpf.com,45
http://www.healthinsurance.org,46
http://www.21st.com,47
http://www.elephant.com,48
http://www.charitywatch.org,49
http://www.lifehack.org,0
http://www.flylady.net,1
http://www.napo.net,2
http://www.43folders.com,3
http://www.getorganizednow.com,4
http://www.organizedassistant.com,5
http://www.organizersincanada.com,6
http://www.chaostoorder.com,7
http://www.andrewmellen.com,8
http://www.simplify101.com,9
http://www.printablechecklists.com,10
http://www.professional-organizer.com,11
http://www.52projects.com,12
http://www.brightorganizing.com,13
http://www.organizingboston.com,14
http://www.ahelpinghandforyou.com,15
http://www.handygirl.com,16
http://www.living-peace.com,17
http://www.clearsimple.com,18
http://www.justorganized.com,19
http://www.restoringorder.com,20
http://www.organizingcoach.com,21
http://www.organizedapproach.com,22
http://www.organizeanything.com,23
http://www.outofchaos.ca,24
http://www.clutterfreeservices.com,25
http://www.listorganizer.com,26
http://www.organizeyourlife.org,27
http://www.betsyk.com,28
http://www.citymax.com,29
http://www.123sortit.com,30
http://www.endlex.com,31
http://www.allsortedconsulting.com,32
http://www.amphorachange.com,33
http://www.andersonorganizing.com,34
http://www.anitaylor.com,35
http://www.atdo.biz,36
http://www.beyondclutter.com,37
http://www.breathing-space.com,38
http://www.breathingspaceconsulting.ca,39
http://www.busybeesorganizing.com,40
http://www.cestfini.com,41
http://www.closetqueen.com,42
http://www.clutterbug.net,43
http://www.clutterbusters.org,44
http://www.clutterrx.net,45
http://www.cluttershrink.com,46
http://www.organizedtimes.com,47
http://www.efficientliving.org,48
http://www.myfreedomspace.com,49
http://www.backyardchickens.com,0
http://www.thehomesteadsurvival.com,1
http://www.poultrykeeper.com,2
http://www.countryfarm-lifestyles.com,3
http://www.homesteadandprepper.com,4
http://www.soilandhealth.org,5
http://www.rurallivingtoday.com,6
http://www.backyardpoultry.com,7
http://www.justplainmarie.ca,8
http://www.anamericanhomestead.com,9
http://www.thisishomesteady.com,10
http://www.themodernhomestead.us,11
http://www.hayexchange.com,12
http://www.allotment-garden.org,13
http://www.thepoultrykeeper.co.uk,14
http://www.homesteadbloggersnetwork.com,15
http://www.manytracks.com,16
http://www.homestead.org,17
http://www.bluestar-ranch.com,18
http://www.farmhandscompanion.com,19
http://www.the-coop.org,20
http://www.keeping-chickens.me.uk,21
http://www.poultrykeeperforum.com,22
http://www.fromscratchmag.com,23
http://www.greeneggsandgoats.com,24
http://www.fowlvisions.com,25
http://www.lifeunplugged.net,26
http://www.thebackyardchickenfarmer.com,27
http://www.uncledutchfarms.com,28
http://www.mylittleprairiehome.com,29
http://www.cyberquail.com,30
http://www.southernmatters.com,31
http://www.whirldworksfarm.com,32
http://www.devonsmallholders.co.uk,33
http://www.a-homesteading-neophyte.blogspot.com,34
http://www.poultrycentral.co.nz,35
http://www.successwithpoultry.blogspot.com,36
http://www.liveducks.com,37
http://www.thevegetarianhomesteader.com,38
http://www.ourcountryhaven.com,39
http://www.theurbanrancher.tamu.edu,40
http://www.lydlo.proboards.com,41
http://www.wapoultrytraders.proboards.com,42
http://www.backyardchickens.yuku.com,43
http://www.dlhunicorn.conforums.com,44
http://www.abundaculture.org,45
http://www.almostafarmer.com,46
http://www.altonm.ca,47
http://www.amaralfarm.com,48
http://www.apartmenthomesteading.github.io,49
http://www.homedesignersoftware.com,0
http://www.punchsoftware.com,1
http://www.chorewars.com,2
http://www.kopykake.com,3
http://www.lets-clean-up.com,4
http://www.agilairecorp.com,5
http://www.apartmenttherapy.com,0
http://www.flatmates.com.au,1
http://www.easyroommate.com,2
http://www.housinganywhere.com,3
http://www.roommates.com,4
http://www.roomiematch.com,5
http://www.metroroommates.com,6
http://www.roommatelocator.com,7
http://www.housepals.co.uk,8
http://www.roommatenation.com,9
http://www.okroommate.com,10
http://www.flatmateme.com,11
http://www.prideroommates.com,12
http://www.rentaldecorating.com,13
http://www.roommateroommateroommate.com,14
http://www.roommatefinders.com,15
http://www.roommates4you.com,16
http://www.rooms-to-let.com,17
http://www.roomvoter.com,18
http://www.starflats.co.uk,19
http://www.yelp.com,0
http://www.gsmarena.com,1
http://www.theverge.com,2
http://www.gizmodo.com,3
http://www.engadget.com,4
http://www.tomsguide.com,5
http://www.tomshardware.com,6
http://www.digitaltrends.com,7
http://www.dpreview.com,8
http://www.trustpilot.com,9
http://www.kbb.com,10
http://www.state.gov,11
http://www.consumerreports.org,12
http://www.fixya.com,13
http://www.edmunds.com,14
http://www.bgr.com,15
http://www.bbb.org,16
http://www.opendns.com,17
http://www.trustedreviews.com,18
http://www.carfax.com,19
http://www.goodhousekeeping.com,20
http://www.phonearena.com,21
http://www.seatguru.com,22
http://www.motortrend.com,23
http://www.avforums.com,24
http://www.mouthshut.com,25
http://www.consumeraffairs.com,26
http://www.medicare.gov,27
http://www.dslreports.com,28
http://www.consumercomplaints.in,29
http://www.ezvid.com,30
http://www.ubergizmo.com,31
http://www.gasbuddy.com,32
http://www.clark.com,33
http://www.invaluable.com,34
http://www.geek.com,35
http://www.geekologie.com,36
http://www.citizensadvice.org.uk,37
http://www.sitejabber.com,38
http://www.pissedconsumer.com,39
http://www.treasury.gov,40
http://www.stuff.tv,41
http://www.ripoffreport.com,42
http://www.nextag.com,43
http://www.styleforum.net,44
http://www.geappliances.com,45
http://www.imaging-resource.com,46
http://www.carcomplaints.com,47
http://www.complaintsboard.com,48
http://www.fueleconomy.gov,49
http://www.allrecipes.com,0
http://www.thekitchn.com,1
http://www.thespruceeats.com,2
http://www.epicurious.com,3
http://www.bonappetit.com,4
http://www.foodandwine.com,5
http://www.jamieoliver.com,6
http://www.food52.com,7
http://www.ndtv.com,8
http://www.eatingwell.com,9
http://www.cookinglight.com,10
http://www.simplyrecipes.com,11
http://www.bettycrocker.com,12
http://www.saveur.com,13
http://www.liquor.com,14
http://www.justonecookbook.com,15
http://www.kraftrecipes.com,16
http://www.pillsbury.com,17
http://www.smittenkitchen.com,18
http://www.cooksillustrated.com,19
http://www.natashaskitchen.com,20
http://www.foodgawker.com,21
http://www.food.com,22
http://www.foodwishes.blogspot.com,23
http://www.vegrecipesofindia.com,24
http://www.inspiredtaste.net,25
http://www.amazingribs.com,26
http://www.foodrepublic.com,27
http://www.chocolatecoveredkatie.com,28
http://www.finecooking.com,29
http://www.panlasangpinoy.com,30
http://www.twopeasandtheirpod.com,31
http://www.whfoods.com,32
http://www.jocooks.com,33
http://www.kalynskitchen.com,34
http://www.bestrecipes.com.au,35
http://www.kulinarika.net,36
http://www.nigella.com,37
http://www.tarladalal.com,38
http://www.cakecentral.com,39
http://www.mykoreankitchen.com,40
http://www.smokingmeatforums.com,41
http://www.kraftcanada.com,42
http://www.splendidtable.org,43
http://www.foodsafety.gov,44
http://www.deliaonline.com,45
http://www.whatscookingamerica.net,46
http://www.mrfood.com,47
http://www.tipsybartender.com,48
http://www.norecipes.com,49
http://www.instructables.com,0
http://www.wonderhowto.com,1
http://www.ehow.com,2
http://www.myrepurposedlife.com,3
http://www.howtodothings.com,4
http://www.getridofthings.com,5
http://www.handymantips.org,6
http://www.howset.com,7
http://www.taradaramadeit.com,8
http://www.megmadecreations.com,9
http://www.welikemakingourownstuff.com,10
http://www.goodstuffathome.com,11
http://www.soprettyisasprettydoes.com,12
http://www.heelsandatoolbox.com,13
http://www.hkchic.blogspot.co.uk,14
http://www.needinstructions.com,15
http://www.obiadumnie.pl,16
http://www.aprettyidea.com,17
http://www.ready.gov,0
http://www.wikia.com,1
http://www.disastersafety.org,2
http://www.disastercenter.com,3
http://www.jumpjet.info,4
http://www.ki4u.com,5
http://www.captaindaves.com,6
http://www.disasters.org,7
http://www.fire-extinguisher101.com,8
http://www.tacda.org,9
http://www.y2kkitchen.com,10
http://www.emergencydude.com,11
http://www.bekkel.tripod.com,12
http://www.simplyprepared.com,13
http://www.survival-guidebook.com,14
http://www.firepreventionweek.org,15
http://www.firesafetytips.com,16
http://www.fireproofchildren.com,17
http://www.homesafetycouncil.org,18
http://www.mrssurvival.com,19
http://www.pep-c.org,20
http://www.publicsecrets.org,21
http://www.hwtm.com,0
http://www.plan-the-perfect-baby-shower.com,1
http://www.napkinfoldingguide.com,2
http://www.baby-shower.com,3
http://www.webbabyshower.com,4
http://www.creative-baby-shower-ideas.com,5
http://www.kidspartyfun.com,6
http://www.holidaycook.com,7
http://www.familyeducation.com,8
http://www.babbee.com,9
http://www.babyshowers.info,10
http://www.abigslice.com,11
http://www.childrensbirthdaypartyplanner.com,12
http://www.hauntersparadise.tripod.com,13
http://www.itsapartyfullife.com,14
http://www.robschristmas.com,15
http://www.superbirthdays.com,16
http://www.vindevin.com,17
http://www.whattodowiththekids.com,18
http://www.babycenter.com,0
http://www.care.com,1
http://www.parents.com,2
http://www.cafemom.com,3
http://www.military.com,4
http://www.osd.mil,5
http://www.theasianparent.com,6
http://www.verywellfamily.com,7
http://www.scarymommy.com,8
http://www.parenting.com,9
http://www.babynamewizard.com,10
http://www.americanpregnancy.org,11
http://www.kidspot.com.au,12
http://www.workingmother.com,13
http://www.bachpan.com,14
http://www.familyeducation.com,15
http://www.aupair.com,16
http://www.sittercity.com,17
http://www.pampers.com,18
http://www.babynamespedia.com,19
http://www.mothering.com,20
http://www.motherandbaby.co.uk,21
http://www.kellymom.com,22
http://www.kindercare.com,23
http://www.babynames.com,24
http://www.thinkbabynames.com,25
http://www.greataupair.com,26
http://www.parentmap.com,27
http://www.turbine.com,28
http://www.allprodad.com,29
http://www.hindunames.net,30
http://www.moms.com,31
http://www.guideposts.org,32
http://www.modernmom.com,33
http://www.babynameguide.com,34
http://www.culturalcare.com,35
http://www.learningcaregroup.com,36
http://www.babynology.com,37
http://www.adoptuskids.org,38
http://www.natural-fertility-info.com,39
http://www.kididdles.com,40
http://www.indiaparenting.com,41
http://www.pregnancy-info.net,42
http://www.5minutesformom.com,43
http://www.childdevelopmentinfo.com,44
http://www.php.com,45
http://www.parentingscience.com,46
http://www.rollercoaster.ie,47
http://www.canadiannanny.ca,48
http://www.bestlittlebaby.com,49
http://www.hgtv.com,0
http://www.gardeningknowhow.com,1
http://www.rhs.org.uk,2
http://www.davesgarden.com,3
http://www.sunset.com,4
http://www.missouribotanicalgarden.org,5
http://www.asla.org,6
http://www.garden.org,7
http://www.maximumyield.com,8
http://www.bonsaiempire.com,9
http://www.biltmore.com,10
http://www.gardenia.net,11
http://www.usda.gov,12
http://www.gardenersworld.com,13
http://www.gardenweb.com,14
http://www.mountvernon.org,15
http://www.finegardening.com,16
http://www.nybg.org,17
http://www.gardenguides.com,18
http://www.decks.com,19
http://www.wildflower.org,20
http://www.sunnygardens.com,21
http://www.daleysfruit.com.au,22
http://www.longwoodgardens.org,23
http://www.birdsandblooms.com,24
http://www.pfaf.org,25
http://www.gardendesign.com,26
http://www.chicagobotanic.org,27
http://www.mortonarb.org,28
http://www.flowersofindia.net,29
http://www.pacificbulbsociety.org,30
http://www.botanicgardens.org,31
http://www.bbg.org,32
http://www.bonsainut.com,33
http://www.bigpumpkins.com,34
http://www.helpfulgardener.com,35
http://www.acs.edu.au,36
http://www.houseplantsexpert.com,37
http://www.ourhouseplants.com,38
http://www.rbgsyd.nsw.gov.au,39
http://www.botanicalgarden.ubc.ca,40
http://www.learn2grow.com,41
http://www.guide-to-houseplants.com,42
http://www.garden.lovetoknow.com,43
http://www.cheekwood.org,44
http://www.aos.org,45
http://www.cpukforum.com,46
http://www.cactus-art.biz,47
http://www.atlantabg.org,48
http://www.plantmaps.com,49
http://www.hgtv.com,0
http://www.eia.gov,1
http://www.bobvila.com,2
http://www.energystar.gov,3
http://www.hvac-talk.com,4
http://www.diynot.com,5
http://www.hometips.com,6
http://www.diychatroom.com,7
http://www.homebuilding.co.uk,8
http://www.askthebuilder.com,9
http://www.electriciantalk.com,10
http://www.heatinghelp.com,11
http://www.traditionalhome.com,12
http://www.naturalhandyman.com,13
http://www.kitchens.com,14
http://www.oldhouseweb.com,15
http://www.thebudgetdecorator.com,16
http://www.thistothat.com,17
http://www.hometoys.com,18
http://www.nkba.org,19
http://www.electrical-online.com,20
http://www.homeconstructionimprovement.com,21
http://www.plbg.com,22
http://www.decor8blog.com,23
http://www.diydata.com,24
http://www.ask-the-electrician.com,25
http://www.buildingconservation.com,26
http://www.thecircuitdetective.com,27
http://www.diyonline.com,28
http://www.homeanddesign.com,29
http://www.metaefficient.com,30
http://www.howtomendit.com,31
http://www.practicaldiy.com,32
http://www.mobilehomerepair.com,33
http://www.hannabery.com,34
http://www.acmehowto.com,35
http://www.hammerzone.com,36
http://www.moneypit.com,37
http://www.cocoontech.com,38
http://www.handymanwire.com,39
http://www.fixitnow.com,40
http://www.refrigerants.com,41
http://www.onthehouse.com,42
http://www.homeenergy.org,43
http://www.hiddenwires.co.uk,44
http://www.applianceaid.com,45
http://www.interiordezine.com,46
http://www.theplumber.com,47
http://www.oldhouseguy.com,48
http://www.lightwiring.co.uk,49
http://www.goodhousekeeping.com,0
http://www.marthastewart.com,1
http://www.thesimpledollar.com,2
http://www.howtocleanstuff.net,3
http://www.thebalanceeveryday.com,4
http://www.premiertaxfree.com,5
http://www.livingonadime.com,6
http://www.organizedhome.com,7
http://www.stretcher.com,8
http://www.afullcup.com,9
http://www.absolute-forum.com,10
http://www.creativehomemaking.com,11
http://www.frugalandthriving.com.au,12
http://www.avirtuouswoman.org,13
http://www.hillbillyhousewife.com,14
http://www.frugalvillage.com,15
http://www.mommysavers.com,16
http://www.about.com,17
http://www.thefrugallife.com,18
http://www.thefrugaltoad.com,19
http://www.funny-about-money.com,20
http://www.thriftymommaramblings.com,21
http://www.wackyuses.com,22
http://www.pickypinchers.com,23
http://www.frugal-living-freedom.com,24
http://www.oldfashionedliving.com,25
http://www.queenofclean.com,26
http://www.frugalfun.com,27
http://www.homemakingorganized.com,28
http://www.cheapcooking.com,29
http://www.the39dollarexperiment.com,30
http://www.howtocleananything.com,31
http://www.thefamilyhomestead.com,32
http://www.allthingsfrugal.com,33
http://www.bsmith.com,34
http://www.hintsandthings.com,35
http://www.inexpensively.com,36
http://www.frugalsimplicity.com,37
http://www.homemadesimple.com,38
http://www.prettyfrugalliving.com,39
http://www.frugalforlife.blogspot.com,40
http://www.thenewhomemaker.com,41
http://www.becomethrifty.com,42
http://www.frugalworld.com,43
http://www.drclean.co.uk,44
http://www.allabouthome.com,45
http://www.fishingfordeals.com,46
http://www.miserlymoms.com,47
http://www.living.aol.com,48
http://www.frugalliving.about.com,49
http://www.bugspray.com,0
http://www.caionline.org,1
http://www.termite.com,2
http://www.echo-ca.org,3
http://www.athomenet.com,4
http://www.treehouses.com,5
http://www.pestcemetery.com,6
http://www.raccoonatticguide.com,7
http://www.camicb.org,8
http://www.coophousing.org,9
http://www.thetreehouseguide.com,10
http://www.home-owners-assoc.com,11
http://www.bedbugsguide.com,12
http://www.drdons.net,13
http://www.termitemd.com,14
http://www.about.com,15
http://www.condobook.com,16
http://www.homebuildingpitfalls.com,17
http://www.realestatejournal.com,18
http://www.usps.com,0
http://www.allconnect.com,1
http://www.border.gov.au,2
http://www.moving.org,3
http://www.movingscam.com,4
http://www.themovingblog.com,5
http://www.1stopmove.com,6
http://www.firstbooks.com,7
http://www.findyourspot.com,8
http://www.beltwaymovers.com,9
http://www.emigrate.co.uk,10
http://www.branchor.com,11
http://www.outpostexpat.nl,12
http://www.movecommerce.com,13
http://www.moving-company-guide.com,14
http://www.movingmaster.com,15
http://www.thespruce.com,0
http://www.realsimple.com,1
http://www.bhg.com,2
http://www.marthastewart.com,3
http://www.countryliving.com,4
http://www.southernliving.com,5
http://www.motherearthnews.com,6
http://www.sunset.com,7
http://www.coastalliving.com,8
http://www.splendidtable.org,9
http://www.motherearthliving.com,10
http://www.bhg.com.au,11
http://www.styleathome.com,12
http://www.pioneerthinking.com,13
http://www.howdini.com,14
http://www.askyourneighbor.com,15
http://www.housetohome.co.uk,16
http://www.brightideas.com.au,17
http://www.carolinahg.com,18
http://www.cityline.ca,19
http://www.its-a-snap.com,20
http://www.savoirfaire.ca,21
http://www.yahoo.com,0
http://www.cnbc.com,1
http://www.cnn.com,2
http://www.marketwatch.com,3
http://www.irs.gov,4
http://www.fool.com,5
http://www.ssa.gov,6
http://www.bankrate.com,7
http://www.mint.com,8
http://www.healthcare.gov,9
http://www.youneedabudget.com,10
http://www.cms.gov,11
http://www.vanguard.com,12
http://www.medicare.gov,13
http://www.myfico.com,14
http://www.daveramsey.com,15
http://www.kiplinger.com,16
http://www.annualcreditreport.com,17
http://www.guidestar.org,18
http://www.hud.gov,19
http://www.myfico.com,20
http://www.treasurydirect.gov,21
http://www.marketplace.org,22
http://www.iwillteachyoutoberich.com,23
http://www.moneytalksnews.com,24
http://www.charitynavigator.org,25
http://www.goodfinancialcents.com,26
http://www.investorjunkie.com,27
http://www.rothira.com,28
http://www.virginia.gov,29
http://www.medicaid.gov,30
http://www.themortgagereports.com,31
http://www.creditcardinsider.com,32
http://www.doughroller.net,33
http://www.20somethingfinance.com,34
http://www.iii.org,35
http://www.mvelopes.com,36
http://www.safeauto.com,37
http://www.aaii.com,38
http://www.budgetsaresexy.com,39
http://www.mymoneyblog.com,40
http://www.rrb.gov,41
http://www.getsmarteraboutmoney.ca,42
http://www.missingmoney.com,43
http://www.fico.com,44
http://www.christianpf.com,45
http://www.healthinsurance.org,46
http://www.21st.com,47
http://www.elephant.com,48
http://www.charitywatch.org,49
http://www.lifehack.org,0
http://www.flylady.net,1
http://www.napo.net,2
http://www.43folders.com,3
http://www.getorganizednow.com,4
http://www.organizedassistant.com,5
http://www.organizersincanada.com,6
http://www.chaostoorder.com,7
http://www.andrewmellen.com,8
http://www.simplify101.com,9
http://www.printablechecklists.com,10
http://www.professional-organizer.com,11
http://www.52projects.com,12
http://www.brightorganizing.com,13
http://www.organizingboston.com,14
http://www.ahelpinghandforyou.com,15
http://www.handygirl.com,16
http://www.living-peace.com,17
http://www.clearsimple.com,18
http://www.justorganized.com,19
http://www.restoringorder.com,20
http://www.organizingcoach.com,21
http://www.organizedapproach.com,22
http://www.organizeanything.com,23
http://www.outofchaos.ca,24
http://www.clutterfreeservices.com,25
http://www.listorganizer.com,26
http://www.organizeyourlife.org,27
http://www.betsyk.com,28
http://www.citymax.com,29
http://www.123sortit.com,30
http://www.endlex.com,31
http://www.allsortedconsulting.com,32
http://www.amphorachange.com,33
http://www.andersonorganizing.com,34
http://www.anitaylor.com,35
http://www.atdo.biz,36
http://www.beyondclutter.com,37
http://www.breathing-space.com,38
http://www.breathingspaceconsulting.ca,39
http://www.busybeesorganizing.com,40
http://www.cestfini.com,41
http://www.closetqueen.com,42
http://www.clutterbug.net,43
http://www.clutterbusters.org,44
http://www.clutterrx.net,45
http://www.cluttershrink.com,46
http://www.organizedtimes.com,47
http://www.efficientliving.org,48
http://www.myfreedomspace.com,49
http://www.backyardchickens.com,0
http://www.thehomesteadsurvival.com,1
http://www.poultrykeeper.com,2
http://www.countryfarm-lifestyles.com,3
http://www.homesteadandprepper.com,4
http://www.soilandhealth.org,5
http://www.rurallivingtoday.com,6
http://www.backyardpoultry.com,7
http://www.justplainmarie.ca,8
http://www.anamericanhomestead.com,9
http://www.thisishomesteady.com,10
http://www.themodernhomestead.us,11
http://www.hayexchange.com,12
http://www.allotment-garden.org,13
http://www.thepoultrykeeper.co.uk,14
http://www.homesteadbloggersnetwork.com,15
http://www.manytracks.com,16
http://www.homestead.org,17
http://www.bluestar-ranch.com,18
http://www.farmhandscompanion.com,19
http://www.the-coop.org,20
http://www.keeping-chickens.me.uk,21
http://www.poultrykeeperforum.com,22
http://www.fromscratchmag.com,23
http://www.greeneggsandgoats.com,24
http://www.fowlvisions.com,25
http://www.lifeunplugged.net,26
http://www.thebackyardchickenfarmer.com,27
http://www.uncledutchfarms.com,28
http://www.mylittleprairiehome.com,29
http://www.cyberquail.com,30
http://www.southernmatters.com,31
http://www.whirldworksfarm.com,32
http://www.devonsmallholders.co.uk,33
http://www.a-homesteading-neophyte.blogspot.com,34
http://www.poultrycentral.co.nz,35
http://www.successwithpoultry.blogspot.com,36
http://www.liveducks.com,37
http://www.thevegetarianhomesteader.com,38
http://www.ourcountryhaven.com,39
http://www.theurbanrancher.tamu.edu,40
http://www.lydlo.proboards.com,41
http://www.wapoultrytraders.proboards.com,42
http://www.backyardchickens.yuku.com,43
http://www.dlhunicorn.conforums.com,44
http://www.abundaculture.org,45
http://www.almostafarmer.com,46
http://www.altonm.ca,47
http://www.amaralfarm.com,48
http://www.apartmenthomesteading.github.io,49
http://www.homedesignersoftware.com,0
http://www.punchsoftware.com,1
http://www.chorewars.com,2
http://www.kopykake.com,3
http://www.lets-clean-up.com,4
http://www.agilairecorp.com,5
http://www.apartmenttherapy.com,0
http://www.flatmates.com.au,1
http://www.easyroommate.com,2
http://www.housinganywhere.com,3
http://www.roommates.com,4
http://www.roomiematch.com,5
http://www.metroroommates.com,6
http://www.roommatelocator.com,7
http://www.housepals.co.uk,8
http://www.roommatenation.com,9
http://www.okroommate.com,10
http://www.flatmateme.com,11
http://www.prideroommates.com,12
http://www.rentaldecorating.com,13
http://www.roommateroommateroommate.com,14
http://www.roommatefinders.com,15
http://www.roommates4you.com,16
http://www.rooms-to-let.com,17
http://www.roomvoter.com,18
http://www.starflats.co.uk,19
http://www.yelp.com,0
http://www.gsmarena.com,1
http://www.theverge.com,2
http://www.gizmodo.com,3
http://www.engadget.com,4
http://www.tomsguide.com,5
http://www.tomshardware.com,6
http://www.digitaltrends.com,7
http://www.dpreview.com,8
http://www.trustpilot.com,9
http://www.kbb.com,10
http://www.state.gov,11
http://www.consumerreports.org,12
http://www.fixya.com,13
http://www.edmunds.com,14
http://www.bgr.com,15
http://www.bbb.org,16
http://www.opendns.com,17
http://www.trustedreviews.com,18
http://www.carfax.com,19
http://www.goodhousekeeping.com,20
http://www.phonearena.com,21
http://www.seatguru.com,22
http://www.motortrend.com,23
http://www.avforums.com,24
http://www.mouthshut.com,25
http://www.consumeraffairs.com,26
http://www.medicare.gov,27
http://www.dslreports.com,28
http://www.consumercomplaints.in,29
http://www.ezvid.com,30
http://www.ubergizmo.com,31
http://www.gasbuddy.com,32
http://www.clark.com,33
http://www.invaluable.com,34
http://www.geek.com,35
http://www.geekologie.com,36
http://www.citizensadvice.org.uk,37
http://www.sitejabber.com,38
http://www.pissedconsumer.com,39
http://www.treasury.gov,40
http://www.stuff.tv,41
http://www.ripoffreport.com,42
http://www.nextag.com,43
http://www.styleforum.net,44
http://www.geappliances.com,45
http://www.imaging-resource.com,46
http://www.carcomplaints.com,47
http://www.complaintsboard.com,48
http://www.fueleconomy.gov,49
http://www.allrecipes.com,0
http://www.thekitchn.com,1
http://www.thespruceeats.com,2
http://www.epicurious.com,3
http://www.bonappetit.com,4
http://www.foodandwine.com,5
http://www.jamieoliver.com,6
http://www.food52.com,7
http://www.ndtv.com,8
http://www.eatingwell.com,9
http://www.cookinglight.com,10
http://www.simplyrecipes.com,11
http://www.bettycrocker.com,12
http://www.saveur.com,13
http://www.liquor.com,14
http://www.justonecookbook.com,15
http://www.kraftrecipes.com,16
http://www.pillsbury.com,17
http://www.smittenkitchen.com,18
http://www.cooksillustrated.com,19
http://www.natashaskitchen.com,20
http://www.foodgawker.com,21
http://www.food.com,22
http://www.foodwishes.blogspot.com,23
http://www.vegrecipesofindia.com,24
http://www.inspiredtaste.net,25
http://www.amazingribs.com,26
http://www.foodrepublic.com,27
http://www.chocolatecoveredkatie.com,28
http://www.finecooking.com,29
http://www.panlasangpinoy.com,30
http://www.twopeasandtheirpod.com,31
http://www.whfoods.com,32
http://www.jocooks.com,33
http://www.kalynskitchen.com,34
http://www.bestrecipes.com.au,35
http://www.kulinarika.net,36
http://www.nigella.com,37
http://www.tarladalal.com,38
http://www.cakecentral.com,39
http://www.mykoreankitchen.com,40
http://www.smokingmeatforums.com,41
http://www.kraftcanada.com,42
http://www.splendidtable.org,43
http://www.foodsafety.gov,44
http://www.deliaonline.com,45
http://www.whatscookingamerica.net,46
http://www.mrfood.com,47
http://www.tipsybartender.com,48
http://www.norecipes.com,49
http://www.instructables.com,0
http://www.wonderhowto.com,1
http://www.ehow.com,2
http://www.myrepurposedlife.com,3
http://www.howtodothings.com,4
http://www.getridofthings.com,5
http://www.handymantips.org,6
http://www.howset.com,7
http://www.taradaramadeit.com,8
http://www.megmadecreations.com,9
http://www.welikemakingourownstuff.com,10
http://www.goodstuffathome.com,11
http://www.soprettyisasprettydoes.com,12
http://www.heelsandatoolbox.com,13
http://www.hkchic.blogspot.co.uk,14
http://www.needinstructions.com,15
http://www.obiadumnie.pl,16
http://www.aprettyidea.com,17
http://www.ready.gov,0
http://www.wikia.com,1
http://www.disastersafety.org,2
http://www.disastercenter.com,3
http://www.jumpjet.info,4
http://www.ki4u.com,5
http://www.captaindaves.com,6
http://www.disasters.org,7
http://www.fire-extinguisher101.com,8
http://www.tacda.org,9
http://www.y2kkitchen.com,10
http://www.emergencydude.com,11
http://www.bekkel.tripod.com,12
http://www.simplyprepared.com,13
http://www.survival-guidebook.com,14
http://www.firepreventionweek.org,15
http://www.firesafetytips.com,16
http://www.fireproofchildren.com,17
http://www.homesafetycouncil.org,18
http://www.mrssurvival.com,19
http://www.pep-c.org,20
http://www.publicsecrets.org,21
http://www.hwtm.com,0
http://www.plan-the-perfect-baby-shower.com,1
http://www.napkinfoldingguide.com,2
http://www.baby-shower.com,3
http://www.webbabyshower.com,4
http://www.creative-baby-shower-ideas.com,5
http://www.kidspartyfun.com,6
http://www.holidaycook.com,7
http://www.familyeducation.com,8
http://www.babbee.com,9
http://www.babyshowers.info,10
http://www.abigslice.com,11
http://www.childrensbirthdaypartyplanner.com,12
http://www.hauntersparadise.tripod.com,13
http://www.itsapartyfullife.com,14
http://www.robschristmas.com,15
http://www.superbirthdays.com,16
http://www.vindevin.com,17
http://www.whattodowiththekids.com,18
http://www.babycenter.com,0
http://www.care.com,1
http://www.parents.com,2
http://www.cafemom.com,3
http://www.military.com,4
http://www.osd.mil,5
http://www.theasianparent.com,6
http://www.verywellfamily.com,7
http://www.scarymommy.com,8
http://www.parenting.com,9
http://www.babynamewizard.com,10
http://www.americanpregnancy.org,11
http://www.kidspot.com.au,12
http://www.workingmother.com,13
http://www.bachpan.com,14
http://www.familyeducation.com,15
http://www.aupair.com,16
http://www.sittercity.com,17
http://www.pampers.com,18
http://www.babynamespedia.com,19
http://www.mothering.com,20
http://www.motherandbaby.co.uk,21
http://www.kellymom.com,22
http://www.kindercare.com,23
http://www.babynames.com,24
http://www.thinkbabynames.com,25
http://www.greataupair.com,26
http://www.parentmap.com,27
http://www.turbine.com,28
http://www.allprodad.com,29
http://www.hindunames.net,30
http://www.moms.com,31
http://www.guideposts.org,32
http://www.modernmom.com,33
http://www.babynameguide.com,34
http://www.culturalcare.com,35
http://www.learningcaregroup.com,36
http://www.babynology.com,37
http://www.adoptuskids.org,38
http://www.natural-fertility-info.com,39
http://www.kididdles.com,40
http://www.indiaparenting.com,41
http://www.pregnancy-info.net,42
http://www.5minutesformom.com,43
http://www.childdevelopmentinfo.com,44
http://www.php.com,45
http://www.parentingscience.com,46
http://www.rollercoaster.ie,47
http://www.canadiannanny.ca,48
http://www.bestlittlebaby.com,49
http://www.hgtv.com,0
http://www.gardeningknowhow.com,1
http://www.rhs.org.uk,2
http://www.davesgarden.com,3
http://www.sunset.com,4
http://www.missouribotanicalgarden.org,5
http://www.asla.org,6
http://www.garden.org,7
http://www.maximumyield.com,8
http://www.bonsaiempire.com,9
http://www.biltmore.com,10
http://www.gardenia.net,11
http://www.usda.gov,12
http://www.gardenersworld.com,13
http://www.gardenweb.com,14
http://www.mountvernon.org,15
http://www.finegardening.com,16
http://www.nybg.org,17
http://www.gardenguides.com,18
http://www.decks.com,19
http://www.wildflower.org,20
http://www.sunnygardens.com,21
http://www.daleysfruit.com.au,22
http://www.longwoodgardens.org,23
http://www.birdsandblooms.com,24
http://www.pfaf.org,25
http://www.gardendesign.com,26
http://www.chicagobotanic.org,27
http://www.mortonarb.org,28
http://www.flowersofindia.net,29
http://www.pacificbulbsociety.org,30
http://www.botanicgardens.org,31
http://www.bbg.org,32
http://www.bonsainut.com,33
http://www.bigpumpkins.com,34
http://www.helpfulgardener.com,35
http://www.acs.edu.au,36
http://www.houseplantsexpert.com,37
http://www.ourhouseplants.com,38
http://www.rbgsyd.nsw.gov.au,39
http://www.botanicalgarden.ubc.ca,40
http://www.learn2grow.com,41
http://www.guide-to-houseplants.com,42
http://www.garden.lovetoknow.com,43
http://www.cheekwood.org,44
http://www.aos.org,45
http://www.cpukforum.com,46
http://www.cactus-art.biz,47
http://www.atlantabg.org,48
http://www.plantmaps.com,49
http://www.hgtv.com,0
http://www.eia.gov,1
http://www.bobvila.com,2
http://www.energystar.gov,3
http://www.hvac-talk.com,4
http://www.diynot.com,5
http://www.hometips.com,6
http://www.diychatroom.com,7
http://www.homebuilding.co.uk,8
http://www.askthebuilder.com,9
http://www.electriciantalk.com,10
http://www.heatinghelp.com,11
http://www.traditionalhome.com,12
http://www.naturalhandyman.com,13
http://www.kitchens.com,14
http://www.oldhouseweb.com,15
http://www.thebudgetdecorator.com,16
http://www.thistothat.com,17
http://www.hometoys.com,18
http://www.nkba.org,19
http://www.electrical-online.com,20
http://www.homeconstructionimprovement.com,21
http://www.plbg.com,22
http://www.decor8blog.com,23
http://www.diydata.com,24
http://www.ask-the-electrician.com,25
http://www.buildingconservation.com,26
http://www.thecircuitdetective.com,27
http://www.diyonline.com,28
http://www.homeanddesign.com,29
http://www.metaefficient.com,30
http://www.howtomendit.com,31
http://www.practicaldiy.com,32
http://www.mobilehomerepair.com,33
http://www.hannabery.com,34
http://www.acmehowto.com,35
http://www.hammerzone.com,36
http://www.moneypit.com,37
http://www.cocoontech.com,38
http://www.handymanwire.com,39
http://www.fixitnow.com,40
http://www.refrigerants.com,41
http://www.onthehouse.com,42
http://www.homeenergy.org,43
http://www.hiddenwires.co.uk,44
http://www.applianceaid.com,45
http://www.interiordezine.com,46
http://www.theplumber.com,47
http://www.oldhouseguy.com,48
http://www.lightwiring.co.uk,49
http://www.goodhousekeeping.com,0
http://www.marthastewart.com,1
http://www.thesimpledollar.com,2
http://www.howtocleanstuff.net,3
http://www.thebalanceeveryday.com,4
http://www.premiertaxfree.com,5
http://www.livingonadime.com,6
http://www.organizedhome.com,7
http://www.stretcher.com,8
http://www.afullcup.com,9
http://www.absolute-forum.com,10
http://www.creativehomemaking.com,11
http://www.frugalandthriving.com.au,12
http://www.avirtuouswoman.org,13
http://www.hillbillyhousewife.com,14
http://www.frugalvillage.com,15
http://www.mommysavers.com,16
http://www.about.com,17
http://www.thefrugallife.com,18
http://www.thefrugaltoad.com,19
http://www.funny-about-money.com,20
http://www.thriftymommaramblings.com,21
http://www.wackyuses.com,22
http://www.pickypinchers.com,23
http://www.frugal-living-freedom.com,24
http://www.oldfashionedliving.com,25
http://www.queenofclean.com,26
http://www.frugalfun.com,27
http://www.homemakingorganized.com,28
http://www.cheapcooking.com,29
http://www.the39dollarexperiment.com,30
http://www.howtocleananything.com,31
http://www.thefamilyhomestead.com,32
http://www.allthingsfrugal.com,33
http://www.bsmith.com,34
http://www.hintsandthings.com,35
http://www.inexpensively.com,36
http://www.frugalsimplicity.com,37
http://www.homemadesimple.com,38
http://www.prettyfrugalliving.com,39
http://www.frugalforlife.blogspot.com,40
http://www.thenewhomemaker.com,41
http://www.becomethrifty.com,42
http://www.frugalworld.com,43
http://www.drclean.co.uk,44
http://www.allabouthome.com,45
http://www.fishingfordeals.com,46
http://www.miserlymoms.com,47
http://www.living.aol.com,48
http://www.frugalliving.about.com,49
http://www.bugspray.com,0
http://www.caionline.org,1
http://www.termite.com,2
http://www.echo-ca.org,3
http://www.athomenet.com,4
http://www.treehouses.com,5
http://www.pestcemetery.com,6
http://www.raccoonatticguide.com,7
http://www.camicb.org,8
http://www.coophousing.org,9
http://www.thetreehouseguide.com,10
http://www.home-owners-assoc.com,11
http://www.bedbugsguide.com,12
http://www.drdons.net,13
http://www.termitemd.com,14
http://www.about.com,15
http://www.condobook.com,16
http://www.homebuildingpitfalls.com,17
http://www.realestatejournal.com,18
http://www.usps.com,0
http://www.allconnect.com,1
http://www.border.gov.au,2
http://www.moving.org,3
http://www.movingscam.com,4
http://www.themovingblog.com,5
http://www.1stopmove.com,6
http://www.firstbooks.com,7
http://www.findyourspot.com,8
http://www.beltwaymovers.com,9
http://www.emigrate.co.uk,10
http://www.branchor.com,11
http://www.outpostexpat.nl,12
http://www.movecommerce.com,13
http://www.moving-company-guide.com,14
http://www.movingmaster.com,15
http://www.thespruce.com,0
http://www.realsimple.com,1
http://www.bhg.com,2
http://www.marthastewart.com,3
http://www.countryliving.com,4
http://www.southernliving.com,5
http://www.motherearthnews.com,6
http://www.sunset.com,7
http://www.coastalliving.com,8
http://www.splendidtable.org,9
http://www.motherearthliving.com,10
http://www.bhg.com.au,11
http://www.styleathome.com,12
http://www.pioneerthinking.com,13
http://www.howdini.com,14
http://www.askyourneighbor.com,15
http://www.housetohome.co.uk,16
http://www.brightideas.com.au,17
http://www.carolinahg.com,18
http://www.cityline.ca,19
http://www.its-a-snap.com,20
http://www.savoirfaire.ca,21
http://www.yahoo.com,0
http://www.cnbc.com,1
http://www.cnn.com,2
http://www.marketwatch.com,3
http://www.irs.gov,4
http://www.fool.com,5
http://www.ssa.gov,6
http://www.bankrate.com,7
http://www.mint.com,8
http://www.healthcare.gov,9
http://www.youneedabudget.com,10
http://www.cms.gov,11
http://www.vanguard.com,12
http://www.medicare.gov,13
http://www.myfico.com,14
http://www.daveramsey.com,15
http://www.kiplinger.com,16
http://www.annualcreditreport.com,17
http://www.guidestar.org,18
http://www.hud.gov,19
http://www.myfico.com,20
http://www.treasurydirect.gov,21
http://www.marketplace.org,22
http://www.iwillteachyoutoberich.com,23
http://www.moneytalksnews.com,24
http://www.charitynavigator.org,25
http://www.goodfinancialcents.com,26
http://www.investorjunkie.com,27
http://www.rothira.com,28
http://www.virginia.gov,29
http://www.medicaid.gov,30
http://www.themortgagereports.com,31
http://www.creditcardinsider.com,32
http://www.doughroller.net,33
http://www.20somethingfinance.com,34
http://www.iii.org,35
http://www.mvelopes.com,36
http://www.safeauto.com,37
http://www.aaii.com,38
http://www.budgetsaresexy.com,39
http://www.mymoneyblog.com,40
http://www.rrb.gov,41
http://www.getsmarteraboutmoney.ca,42
http://www.missingmoney.com,43
http://www.fico.com,44
http://www.christianpf.com,45
http://www.healthinsurance.org,46
http://www.21st.com,47
http://www.elephant.com,48
http://www.charitywatch.org,49
http://www.lifehack.org,0
http://www.flylady.net,1
http://www.napo.net,2
http://www.43folders.com,3
http://www.getorganizednow.com,4
http://www.organizedassistant.com,5
http://www.organizersincanada.com,6
http://www.chaostoorder.com,7
http://www.andrewmellen.com,8
http://www.simplify101.com,9
http://www.printablechecklists.com,10
http://www.professional-organizer.com,11
http://www.52projects.com,12
http://www.brightorganizing.com,13
http://www.organizingboston.com,14
http://www.ahelpinghandforyou.com,15
http://www.handygirl.com,16
http://www.living-peace.com,17
http://www.clearsimple.com,18
http://www.justorganized.com,19
http://www.restoringorder.com,20
http://www.organizingcoach.com,21
http://www.organizedapproach.com,22
http://www.organizeanything.com,23
http://www.outofchaos.ca,24
http://www.clutterfreeservices.com,25
http://www.listorganizer.com,26
http://www.organizeyourlife.org,27
http://www.betsyk.com,28
http://www.citymax.com,29
http://www.123sortit.com,30
http://www.endlex.com,31
http://www.allsortedconsulting.com,32
http://www.amphorachange.com,33
http://www.andersonorganizing.com,34
http://www.anitaylor.com,35
http://www.atdo.biz,36
http://www.beyondclutter.com,37
http://www.breathing-space.com,38
http://www.breathingspaceconsulting.ca,39
http://www.busybeesorganizing.com,40
http://www.cestfini.com,41
http://www.closetqueen.com,42
http://www.clutterbug.net,43
http://www.clutterbusters.org,44
http://www.clutterrx.net,45
http://www.cluttershrink.com,46
http://www.organizedtimes.com,47
http://www.efficientliving.org,48
http://www.myfreedomspace.com,49
http://www.backyardchickens.com,0
http://www.thehomesteadsurvival.com,1
http://www.poultrykeeper.com,2
http://www.countryfarm-lifestyles.com,3
http://www.homesteadandprepper.com,4
http://www.soilandhealth.org,5
http://www.rurallivingtoday.com,6
http://www.backyardpoultry.com,7
http://www.justplainmarie.ca,8
http://www.anamericanhomestead.com,9
http://www.thisishomesteady.com,10
http://www.themodernhomestead.us,11
http://www.hayexchange.com,12
http://www.allotment-garden.org,13
http://www.thepoultrykeeper.co.uk,14
http://www.homesteadbloggersnetwork.com,15
http://www.manytracks.com,16
http://www.homestead.org,17
http://www.bluestar-ranch.com,18
http://www.farmhandscompanion.com,19
http://www.the-coop.org,20
http://www.keeping-chickens.me.uk,21
http://www.poultrykeeperforum.com,22
http://www.fromscratchmag.com,23
http://www.greeneggsandgoats.com,24
http://www.fowlvisions.com,25
http://www.lifeunplugged.net,26
http://www.thebackyardchickenfarmer.com,27
http://www.uncledutchfarms.com,28
http://www.mylittleprairiehome.com,29
http://www.cyberquail.com,30
http://www.southernmatters.com,31
http://www.whirldworksfarm.com,32
http://www.devonsmallholders.co.uk,33
http://www.a-homesteading-neophyte.blogspot.com,34
http://www.poultrycentral.co.nz,35
http://www.successwithpoultry.blogspot.com,36
http://www.liveducks.com,37
http://www.thevegetarianhomesteader.com,38
http://www.ourcountryhaven.com,39
http://www.theurbanrancher.tamu.edu,40
http://www.lydlo.proboards.com,41
http://www.wapoultrytraders.proboards.com,42
http://www.backyardchickens.yuku.com,43
http://www.dlhunicorn.conforums.com,44
http://www.abundaculture.org,45
http://www.almostafarmer.com,46
http://www.altonm.ca,47
http://www.amaralfarm.com,48
http://www.apartmenthomesteading.github.io,49
http://www.homedesignersoftware.com,0
http://www.punchsoftware.com,1
http://www.chorewars.com,2
http://www.kopykake.com,3
http://www.lets-clean-up.com,4
http://www.agilairecorp.com,5
http://www.selfsufficientish.com,0
http://www.urbansome.com,1
http://www.citynoise.org,2
http://www.cityculture.org,3
http://www.selfsufficientish.com,0
http://www.urbansome.com,1
http://www.citynoise.org,2
http://www.cityculture.org,3
http://www.selfsufficientish.com,0
http://www.urbansome.com,1
http://www.citynoise.org,2
http://www.cityculture.org,3
http://www.selfsufficientish.com,0
http://www.urbansome.com,1
http://www.citynoise.org,2
http://www.cityculture.org,3
