,Link
0,http://www.artnet.com
1,http://www.incompetech.com
2,http://www.artprice.com
3,http://www.artcyclopedia.com
4,http://www.findartinfo.com
5,http://www.absolutearts.com
6,http://www.eserver.org
7,http://www.artfacts.net
8,http://www.art.net
9,http://www.artdeadline.com
10,http://www.texas.gov
11,http://www.axisweb.org
12,http://www.artsearch.us
13,http://www.artinfo.ru
14,http://www.artrecord.com
15,http://www.artvitae.com
16,http://www.artistsincanada.com
17,http://www.passion4art.com
18,http://www.the-artists.org
19,http://www.slought.org
20,http://www.artdeadlineslist.com
21,http://www.inliquid.org
22,http://www.eyestorm.com
23,http://www.artoffer.com
24,http://www.artstarts.com
25,http://www.re-title.com
26,http://www.artistsmarketonline.com
27,http://www.art-bc.com
28,http://www.creativityexplored.org
29,http://www.net-art.it
30,http://www.fine-art.com
31,http://www.zeroland.co.nz
32,http://www.artsconnected.org
33,http://www.artistportfolio.net
34,http://www.commissionaportrait.com
35,http://www.art-support.com
36,http://www.artist-info.com
37,http://www.euran.com
38,http://www.asci.org
39,http://www.artincontext.org
40,http://www.digitalconsciousness.com
41,http://www.painting.about.com
42,http://www.spokanearts.org
43,http://www.artspace2000.com
44,http://www.artnews.org
45,http://www.artring.net
46,http://www.artfact.com
47,http://www.post.thing.net
48,http://www.artandleisure.com
49,http://www.art4net.com
